PlayerID,Name,Age,Height_cm,Weight_kg,Sport,Matches_Played,Wins,Losses,Goals_Scored,Assists,Injuries,Training_Hours_per_Week,Nationality,Contract_Value_Million,Sponsorships_Million,Performance_Rating
1,Player_1,40,166,100,Tennis,68,50,47,6,15,1,11,Spain,14.44,3.56,6.84
2,Player_2,39,164,86,Swimming,25,34,22,48,19,2,7,Brazil,19.81,2.15,3.89
3,Player_3,38,175,83,Tennis,88,71,55,41,20,0,6,Brazil,7.36,0.51,3.0
4,Player_4,31,160,82,Athletics,67,60,76,1,23,3,13,USA,15.89,3.3,1.81
5,Player_5,37,191,96,Basketball,14,27,97,6,5,5,17,USA,5.35,3.46,8.84
6,Player_6,21,207,99,Football,17,13,6,27,22,3,7,Spain,17.99,1.95,8.48
7,Player_7,30,169,63,Athletics,69,17,39,7,9,5,13,France,5.71,2.24,8.24
8,Player_8,27,173,97,Football,66,99,78,40,11,3,20,Italy,5.91,0.14,1.04
9,Player_9,40,165,71,Swimming,58,10,91,7,0,4,18,Germany,14.75,1.69,7.79
10,Player_10,22,188,95,Basketball,71,46,59,37,14,1,5,Brazil,3.5,2.46,1.35
11,Player_11,19,189,103,Swimming,81,73,25,39,2,5,17,France,14.19,1.95,6.03
12,Player_12,27,193,106,Football,52,69,69,21,7,0,12,Brazil,16.81,4.57,3.8
13,Player_13,27,209,91,Swimming,25,2,80,29,5,4,10,Germany,5.73,2.4,5.83
14,Player_14,38,205,93,Swimming,58,17,41,38,26,3,10,USA,12.86,2.03,8.65
15,Player_15,26,172,68,Tennis,59,85,15,21,25,5,9,USA,11.65,0.2,1.3
16,Player_16,32,198,79,Basketball,53,55,37,50,12,2,9,Germany,9.01,3.67,6.05
17,Player_17,34,161,85,Swimming,74,27,80,2,16,4,17,USA,5.44,1.57,6.86
18,Player_18,27,182,84,Swimming,51,41,52,26,18,2,6,Spain,15.5,3.89,7.18
19,Player_19,20,164,109,Athletics,64,66,6,24,22,3,8,Spain,15.09,3.27,8.51
20,Player_20,18,193,104,Athletics,97,63,7,13,28,3,17,Spain,16.64,1.84,2.8
21,Player_21,20,204,85,Basketball,83,38,72,27,8,2,12,USA,16.71,0.74,2.52
22,Player_22,20,166,85,Tennis,76,10,15,38,28,3,8,France,3.15,1.8,1.46
23,Player_23,31,166,62,Athletics,52,69,29,39,13,2,20,Italy,18.9,3.05,5.81
24,Player_24,29,166,99,Tennis,25,69,83,7,1,5,11,Italy,5.88,2.78,3.13
25,Player_25,19,172,84,Swimming,39,63,8,10,16,5,15,USA,8.34,0.79,6.05
26,Player_26,27,194,75,Swimming,67,7,92,3,7,4,17,Italy,0.58,3.72,2.24
27,Player_27,32,163,110,Basketball,13,88,49,28,7,5,12,Italy,0.9,0.12,4.65
28,Player_28,25,166,96,Athletics,48,19,91,19,26,0,7,Germany,17.77,0.59,4.05
29,Player_29,27,177,96,Athletics,32,33,56,24,8,3,5,Brazil,15.72,2.98,9.8
30,Player_30,35,188,107,Swimming,80,80,87,48,7,0,18,France,1.77,3.23,1.18
31,Player_31,22,166,84,Basketball,61,74,63,46,17,0,9,Italy,4.9,4.17,2.23
32,Player_32,34,173,105,Athletics,20,100,68,8,24,3,20,Brazil,4.96,1.01,1.67
33,Player_33,25,208,96,Swimming,76,55,49,26,4,2,19,Italy,16.41,4.45,7.64
34,Player_34,40,208,110,Swimming,58,36,12,11,27,1,16,Spain,9.64,2.01,9.19
35,Player_35,30,198,79,Football,70,67,59,18,30,3,11,Spain,10.08,1.07,7.38
36,Player_36,18,209,110,Basketball,30,11,68,11,24,1,15,Germany,4.03,4.16,7.68
37,Player_37,25,202,97,Swimming,79,36,27,1,8,1,13,Brazil,15.92,0.26,2.22
38,Player_38,23,191,78,Basketball,69,4,90,43,14,1,17,Brazil,1.34,4.84,5.75
39,Player_39,38,193,79,Athletics,63,21,56,43,8,5,8,Spain,19.93,2.24,8.89
40,Player_40,35,185,70,Swimming,59,11,23,15,18,0,18,Italy,13.41,2.96,9.07
41,Player_41,36,199,70,Football,13,54,98,44,2,5,17,France,3.85,2.26,6.96
42,Player_42,37,176,91,Football,70,46,93,18,1,0,9,USA,5.83,0.69,3.54
43,Player_43,25,198,95,Basketball,59,13,36,43,5,5,13,France,10.6,0.73,1.6
44,Player_44,31,161,60,Tennis,78,53,24,23,1,0,7,Germany,4.65,3.22,9.2
45,Player_45,35,187,83,Football,34,19,27,2,6,1,13,USA,14.78,3.3,8.64
46,Player_46,32,161,101,Basketball,50,40,9,48,9,0,7,Brazil,8.89,1.65,5.85
47,Player_47,32,173,71,Basketball,51,6,25,6,21,2,18,Germany,9.59,1.51,3.93
48,Player_48,28,199,99,Tennis,93,55,34,36,17,1,10,France,18.39,4.01,7.64
49,Player_49,21,169,95,Tennis,65,69,4,26,14,2,10,Italy,14.65,4.13,8.58
50,Player_50,20,209,82,Swimming,59,11,30,35,1,1,15,USA,13.73,2.23,8.16
51,Player_51,36,173,65,Swimming,88,86,42,21,10,1,12,Spain,16.82,1.73,2.98
52,Player_52,27,188,72,Swimming,46,39,29,1,25,4,8,Germany,15.36,3.02,4.4
53,Player_53,29,177,102,Swimming,13,23,47,48,1,4,15,France,3.3,4.5,1.48
54,Player_54,26,205,104,Athletics,15,10,9,47,3,5,11,Germany,16.98,1.42,1.15
55,Player_55,39,190,78,Athletics,34,33,70,19,29,2,5,Germany,4.89,4.13,5.48
56,Player_56,39,160,77,Swimming,81,0,47,28,0,3,13,Italy,2.86,3.11,9.52
57,Player_57,31,189,86,Basketball,17,51,20,38,26,3,7,Italy,8.4,1.63,7.27
58,Player_58,21,197,83,Tennis,47,81,93,47,3,1,16,France,12.79,1.74,9.42
59,Player_59,35,175,80,Swimming,65,26,41,38,6,5,7,France,6.07,0.61,3.89
60,Player_60,31,161,101,Basketball,83,8,74,49,27,4,18,Italy,8.02,0.84,2.25
61,Player_61,34,195,102,Basketball,79,35,83,15,27,0,7,Brazil,2.68,1.87,9.61
62,Player_62,38,197,88,Basketball,96,4,77,13,6,4,9,Italy,9.84,2.34,6.18
63,Player_63,38,183,63,Swimming,90,16,25,35,23,3,8,Italy,14.63,3.65,4.86
64,Player_64,25,170,67,Swimming,38,67,82,49,28,2,6,Italy,7.62,2.65,5.43
65,Player_65,25,195,64,Football,30,35,72,18,0,0,8,France,10.38,1.84,9.38
66,Player_66,20,209,108,Football,32,74,13,27,11,3,7,Spain,14.68,1.46,5.58
67,Player_67,38,161,101,Tennis,30,90,15,18,3,3,18,Spain,14.82,3.26,5.11
68,Player_68,40,195,100,Tennis,14,40,99,46,18,4,7,Germany,13.29,3.73,4.22
69,Player_69,30,175,92,Tennis,63,2,42,14,29,4,12,Brazil,11.03,0.58,2.57
70,Player_70,20,162,86,Basketball,75,39,55,19,25,5,16,Spain,12.18,2.26,7.31
71,Player_71,26,205,84,Tennis,88,87,84,37,1,5,19,Germany,11.3,2.54,8.94
72,Player_72,26,188,97,Athletics,99,65,84,41,5,5,19,Spain,11.48,1.03,8.12
73,Player_73,26,210,69,Football,54,50,96,46,9,2,12,USA,11.27,3.04,4.83
74,Player_74,36,164,99,Swimming,16,73,30,12,25,2,17,Germany,10.31,3.84,2.21
75,Player_75,32,210,103,Tennis,81,65,43,31,19,3,18,Italy,2.73,1.12,5.82
76,Player_76,36,193,93,Football,87,54,9,47,8,3,16,Italy,11.19,4.64,9.13
77,Player_77,23,199,64,Swimming,13,26,3,26,1,5,5,Brazil,17.5,0.23,9.29
78,Player_78,27,208,104,Tennis,45,6,39,36,9,1,13,USA,6.77,3.99,4.22
79,Player_79,38,174,110,Athletics,38,40,8,1,26,2,17,Italy,17.75,1.67,5.89
80,Player_80,28,170,96,Football,19,43,89,37,13,0,20,USA,10.38,4.62,8.36
81,Player_81,24,183,86,Swimming,88,93,18,41,29,3,13,Germany,6.33,0.51,5.53
82,Player_82,28,167,75,Swimming,32,55,94,13,0,2,5,USA,3.59,3.52,1.71
83,Player_83,28,208,81,Athletics,60,81,26,21,30,2,10,Germany,9.21,4.44,2.8
84,Player_84,26,167,107,Swimming,57,35,95,29,4,0,9,Germany,3.49,3.66,7.88
85,Player_85,40,173,70,Tennis,30,32,10,10,16,0,11,USA,6.78,4.45,7.83
86,Player_86,38,172,67,Tennis,80,36,29,12,4,3,16,Spain,6.6,4.64,1.79
87,Player_87,28,206,93,Tennis,39,33,24,16,19,1,7,Italy,7.8,1.82,3.8
88,Player_88,36,163,106,Basketball,34,10,66,31,9,3,20,France,7.68,3.45,4.6
89,Player_89,29,177,67,Athletics,32,9,14,27,0,3,17,Italy,18.67,1.07,8.28
90,Player_90,30,191,64,Athletics,66,42,30,29,2,3,15,France,18.18,2.34,4.12
91,Player_91,29,171,67,Athletics,83,90,43,13,15,2,11,USA,4.25,2.7,8.22
92,Player_92,26,200,77,Swimming,80,92,50,36,17,3,16,Germany,4.31,2.75,5.7
93,Player_93,18,162,91,Athletics,61,76,52,45,11,5,6,France,10.51,0.47,6.38
94,Player_94,24,204,82,Athletics,10,84,64,49,30,1,16,France,16.89,0.34,6.47
95,Player_95,18,190,104,Football,62,43,55,8,18,3,19,Italy,4.45,1.31,9.03
96,Player_96,39,191,68,Football,39,35,40,42,19,4,14,Germany,15.75,2.88,6.14
97,Player_97,33,196,84,Tennis,24,31,46,0,9,5,17,USA,16.34,1.68,8.41
98,Player_98,38,208,100,Basketball,95,7,39,36,2,2,12,Brazil,16.91,2.57,4.46
99,Player_99,21,174,81,Tennis,70,54,28,9,2,0,19,Germany,2.23,4.11,9.16
100,Player_100,26,194,65,Basketball,79,60,59,7,23,5,14,USA,2.17,1.42,6.41
101,Player_101,18,191,60,Athletics,78,92,79,4,5,0,19,Spain,6.04,1.19,6.84
102,Player_102,18,173,108,Basketball,52,36,95,14,28,3,13,Brazil,13.63,4.71,4.77
103,Player_103,37,173,88,Basketball,89,89,40,29,16,5,18,Germany,3.17,1.72,5.52
104,Player_104,22,191,90,Tennis,15,45,9,13,29,5,13,France,6.62,2.53,8.97
105,Player_105,34,181,87,Athletics,93,68,55,16,12,3,8,USA,7.1,1.45,3.74
106,Player_106,28,198,83,Swimming,56,68,37,47,19,0,5,Italy,12.38,4.83,9.08
107,Player_107,29,166,77,Tennis,26,98,74,30,16,0,16,Brazil,4.54,1.38,7.3
108,Player_108,37,179,91,Athletics,50,2,87,37,24,4,16,USA,14.48,4.96,3.91
109,Player_109,21,162,72,Swimming,64,71,60,44,7,0,9,Brazil,14.0,4.87,3.57
110,Player_110,37,201,91,Swimming,90,14,23,44,30,5,9,Spain,6.97,1.66,9.68
111,Player_111,35,193,83,Football,26,8,77,24,21,1,10,France,12.46,0.51,8.51
112,Player_112,34,207,79,Swimming,48,23,91,39,26,4,18,Italy,14.67,3.78,1.89
113,Player_113,32,160,73,Football,19,23,33,14,1,5,10,Italy,3.64,1.83,3.6
114,Player_114,40,206,97,Athletics,36,70,90,46,25,2,9,Italy,17.0,4.8,5.76
115,Player_115,27,202,99,Tennis,31,19,87,23,14,5,9,Brazil,2.94,3.01,6.6
116,Player_116,37,168,106,Swimming,39,72,68,37,10,4,11,Brazil,4.43,2.02,3.38
117,Player_117,19,166,68,Tennis,39,24,47,20,18,3,20,Spain,5.46,3.51,2.63
118,Player_118,18,187,98,Athletics,52,45,39,45,19,3,20,France,11.2,1.96,2.33
119,Player_119,37,161,85,Swimming,35,44,43,7,22,3,7,Spain,0.61,0.29,7.6
120,Player_120,18,166,104,Athletics,53,33,62,11,16,5,12,Spain,16.68,2.29,8.52
121,Player_121,28,165,87,Swimming,33,49,79,14,12,1,18,France,12.86,0.41,7.23
122,Player_122,31,190,69,Tennis,90,28,19,31,1,2,20,USA,6.47,4.11,6.68
123,Player_123,20,193,85,Swimming,100,81,74,2,29,0,9,France,17.28,0.68,8.23
124,Player_124,22,197,64,Tennis,33,1,59,43,14,1,13,Brazil,13.23,4.89,3.7
125,Player_125,20,204,65,Tennis,62,89,89,31,5,0,11,Italy,14.56,3.35,1.43
126,Player_126,28,189,92,Athletics,43,92,76,6,8,1,7,France,11.6,3.73,8.77
127,Player_127,27,192,79,Basketball,39,95,91,2,6,3,15,Germany,18.56,4.39,7.74
128,Player_128,26,168,110,Athletics,82,95,81,10,5,3,15,Germany,16.92,3.35,8.03
129,Player_129,26,182,64,Swimming,95,2,84,20,10,2,19,France,3.11,4.97,5.01
130,Player_130,23,185,88,Tennis,85,34,52,20,7,0,6,Germany,13.65,3.08,3.49
131,Player_131,22,174,68,Tennis,57,63,57,2,6,2,11,Brazil,12.8,0.55,8.04
132,Player_132,31,195,85,Athletics,18,77,95,37,30,1,7,Germany,12.75,2.47,4.66
133,Player_133,29,183,66,Athletics,91,61,93,11,30,3,8,Italy,3.23,3.17,3.63
134,Player_134,32,197,86,Football,13,0,69,42,0,3,8,USA,16.43,4.56,1.84
135,Player_135,37,180,91,Basketball,54,97,55,15,27,4,14,Spain,9.96,4.8,6.49
136,Player_136,28,181,97,Football,54,85,84,13,22,2,13,Italy,6.8,3.69,7.65
137,Player_137,29,179,106,Tennis,10,74,23,2,1,3,5,Germany,8.03,2.47,3.83
138,Player_138,25,180,64,Football,53,58,97,23,26,1,10,USA,8.04,4.62,2.4
139,Player_139,24,204,109,Athletics,70,28,95,6,23,2,9,Germany,7.44,0.13,4.37
140,Player_140,24,192,69,Athletics,98,77,4,2,9,1,12,Spain,1.86,0.81,1.81
141,Player_141,30,160,74,Swimming,32,72,90,3,11,3,20,USA,9.49,2.79,3.25
142,Player_142,40,185,70,Football,94,25,31,26,3,0,17,USA,12.5,0.35,9.94
143,Player_143,23,198,81,Basketball,32,74,23,11,0,5,20,USA,4.61,2.99,7.09
144,Player_144,24,181,89,Basketball,62,66,11,0,23,5,18,France,2.36,1.51,1.88
145,Player_145,40,186,79,Football,82,68,2,11,0,4,12,Italy,7.13,3.43,1.55
146,Player_146,40,160,91,Football,56,23,1,22,13,2,16,France,1.3,0.47,1.55
147,Player_147,22,204,83,Tennis,63,88,78,19,7,4,11,USA,8.12,2.99,3.78
148,Player_148,26,175,80,Football,68,37,19,44,19,2,16,Spain,13.93,3.8,9.49
149,Player_149,40,199,86,Swimming,79,54,30,25,7,4,15,Germany,16.71,1.62,6.0
150,Player_150,27,165,90,Swimming,31,77,64,18,13,1,19,France,17.35,2.45,8.78
151,Player_151,36,165,66,Football,89,38,64,6,14,1,5,Brazil,16.72,0.91,4.29
152,Player_152,36,193,94,Athletics,77,96,46,20,30,3,19,Italy,16.42,3.49,2.52
153,Player_153,27,167,90,Basketball,65,84,35,34,24,5,13,France,15.66,0.65,7.18
154,Player_154,19,203,61,Basketball,18,48,60,47,8,1,20,Spain,14.16,0.93,6.77
155,Player_155,38,210,65,Swimming,37,67,11,41,30,3,8,Spain,2.31,0.51,8.5
156,Player_156,24,165,71,Athletics,20,30,75,0,15,2,20,Italy,9.92,2.98,9.12
157,Player_157,24,161,78,Swimming,63,71,68,41,28,4,5,France,18.3,1.61,9.56
158,Player_158,28,171,71,Football,32,22,100,20,9,4,8,Italy,19.91,0.84,5.81
159,Player_159,26,194,85,Tennis,84,52,32,22,20,3,5,USA,1.15,1.13,3.81
160,Player_160,37,197,77,Swimming,98,52,46,40,11,1,14,Italy,3.87,4.69,3.48
161,Player_161,18,186,93,Basketball,13,75,18,43,19,3,12,Italy,6.29,0.46,3.8
162,Player_162,36,200,90,Basketball,89,56,88,25,12,4,12,Italy,12.6,3.79,5.27
163,Player_163,24,191,63,Tennis,95,84,77,39,23,3,13,Germany,10.67,4.52,3.09
164,Player_164,33,172,85,Athletics,81,30,30,14,5,0,7,Brazil,2.03,1.36,1.01
165,Player_165,30,170,106,Football,21,86,48,35,8,5,16,Brazil,3.31,3.28,1.54
166,Player_166,36,167,95,Athletics,37,83,29,38,15,1,8,Spain,13.21,4.37,5.15
167,Player_167,21,175,84,Basketball,74,27,38,7,27,4,12,France,12.28,4.64,7.9
168,Player_168,18,189,94,Athletics,90,15,83,25,26,0,7,Spain,18.35,2.87,4.18
169,Player_169,37,198,108,Athletics,31,46,80,30,19,3,10,Italy,1.85,1.33,5.42
170,Player_170,26,198,85,Athletics,16,70,58,40,21,4,20,Germany,2.15,1.14,3.91
171,Player_171,19,183,89,Tennis,18,25,16,30,26,0,17,Italy,8.54,2.88,9.49
172,Player_172,39,165,92,Athletics,46,95,80,35,27,5,9,Spain,9.33,0.87,2.76
173,Player_173,36,170,87,Athletics,18,13,96,35,11,2,6,Spain,10.32,4.97,6.33
174,Player_174,28,170,95,Swimming,13,20,36,9,12,1,8,Spain,17.42,0.81,4.39
175,Player_175,23,186,91,Football,87,77,68,20,11,5,7,USA,1.04,0.85,5.95
176,Player_176,30,194,76,Tennis,92,26,91,47,2,3,6,Spain,14.01,3.71,5.83
177,Player_177,33,165,86,Basketball,25,81,43,36,17,4,8,Germany,6.2,4.44,3.65
178,Player_178,19,188,74,Tennis,39,43,80,7,27,2,16,Italy,16.13,0.81,5.37
179,Player_179,33,161,86,Football,68,50,91,47,16,5,7,USA,6.33,4.18,1.86
180,Player_180,36,185,63,Athletics,10,52,34,47,16,0,19,France,15.94,3.62,1.38
181,Player_181,32,176,79,Football,65,84,70,43,18,3,17,Brazil,11.52,2.36,8.69
182,Player_182,19,175,98,Athletics,77,17,87,30,8,5,13,Spain,18.16,0.15,9.29
183,Player_183,25,193,70,Athletics,66,2,36,33,2,5,9,Spain,12.81,1.64,7.37
184,Player_184,22,184,71,Swimming,57,9,23,48,1,0,6,Italy,19.73,3.45,8.44
185,Player_185,26,194,101,Football,75,30,36,21,26,1,12,USA,10.63,4.01,3.0
186,Player_186,29,196,84,Tennis,62,29,82,44,10,5,11,Spain,9.84,4.75,7.32
187,Player_187,32,196,86,Swimming,92,80,17,17,1,5,14,Brazil,11.72,2.11,5.7
188,Player_188,36,204,91,Tennis,71,95,88,35,11,5,14,Spain,11.67,2.37,5.13
189,Player_189,21,181,82,Tennis,27,61,67,48,25,5,7,France,5.71,0.57,4.02
190,Player_190,36,197,86,Swimming,51,12,45,9,21,2,16,Brazil,13.74,1.58,5.58
191,Player_191,20,208,65,Tennis,12,40,28,38,29,2,18,Brazil,19.62,3.16,7.72
192,Player_192,21,188,71,Tennis,62,71,89,35,18,4,12,Spain,6.12,4.59,1.72
193,Player_193,30,195,82,Basketball,93,49,80,46,16,4,7,Germany,18.11,0.41,1.69
194,Player_194,23,179,96,Tennis,28,66,26,46,14,1,9,Italy,8.63,4.92,1.17
195,Player_195,39,194,70,Football,59,66,59,13,30,4,7,Brazil,7.5,0.9,8.15
196,Player_196,25,174,82,Basketball,89,59,61,40,19,0,16,Italy,12.71,0.6,1.56
197,Player_197,37,205,84,Basketball,16,72,4,4,29,3,8,Brazil,1.91,2.57,8.9
198,Player_198,31,172,92,Football,97,68,28,45,18,3,20,Italy,17.95,3.83,2.76
199,Player_199,18,207,93,Swimming,34,4,50,44,30,3,14,Spain,17.75,2.43,8.19
200,Player_200,26,169,102,Tennis,13,14,85,38,28,5,10,France,1.11,1.5,6.25
201,Player_201,30,161,76,Athletics,72,14,1,6,4,3,16,Germany,14.69,2.83,5.01
202,Player_202,26,194,67,Tennis,67,50,37,5,13,0,18,Italy,13.55,4.43,7.86
203,Player_203,40,204,72,Swimming,49,84,36,41,13,2,19,USA,0.79,0.76,1.46
204,Player_204,25,204,103,Swimming,35,3,60,10,19,3,10,USA,6.15,0.76,2.5
205,Player_205,24,184,63,Football,38,34,87,15,18,5,8,Germany,2.09,2.09,2.04
206,Player_206,18,161,98,Athletics,19,10,38,27,30,5,16,France,9.57,3.96,4.2
207,Player_207,18,172,67,Athletics,14,55,42,43,8,1,18,Spain,0.77,2.15,7.73
208,Player_208,34,189,92,Athletics,28,59,70,15,4,5,18,Italy,19.7,1.58,9.29
209,Player_209,18,189,87,Tennis,66,97,43,14,18,1,6,France,14.18,3.22,4.0
210,Player_210,34,165,107,Tennis,98,49,80,45,2,0,18,Germany,15.94,0.3,7.92
211,Player_211,33,205,90,Swimming,78,83,60,29,18,5,8,Brazil,19.1,0.62,2.5
212,Player_212,34,173,91,Swimming,75,97,81,36,13,3,18,France,2.44,2.11,3.26
213,Player_213,25,195,108,Swimming,18,78,31,1,13,4,5,Germany,16.99,0.26,1.44
214,Player_214,36,188,76,Swimming,18,32,72,43,26,5,19,USA,18.07,3.41,2.09
215,Player_215,39,163,66,Swimming,26,87,82,28,9,1,10,Spain,16.79,3.64,2.49
216,Player_216,19,200,73,Tennis,19,81,82,9,29,5,6,France,14.01,2.05,1.43
217,Player_217,35,163,103,Athletics,46,22,85,1,18,3,11,Italy,13.77,1.96,6.29
218,Player_218,22,206,93,Football,30,42,79,50,23,2,17,Brazil,19.47,1.37,7.26
219,Player_219,24,195,79,Swimming,53,60,91,6,16,4,12,Spain,4.5,1.31,5.86
220,Player_220,36,185,109,Tennis,49,83,44,2,20,1,20,Brazil,12.22,3.97,5.49
221,Player_221,24,177,93,Athletics,97,38,83,16,6,5,14,Germany,13.17,0.65,1.64
222,Player_222,33,171,77,Tennis,58,47,85,4,22,4,17,Germany,16.57,2.22,3.79
223,Player_223,40,190,98,Swimming,77,28,50,19,27,2,16,Brazil,3.43,2.22,7.74
224,Player_224,27,203,105,Swimming,75,85,92,2,3,2,10,France,15.26,2.59,2.47
225,Player_225,26,202,84,Basketball,73,41,5,15,25,2,7,USA,4.86,1.07,1.41
226,Player_226,28,171,100,Tennis,80,30,78,6,1,3,18,Italy,1.93,3.39,2.02
227,Player_227,36,197,71,Basketball,89,23,44,39,21,2,12,Germany,17.36,2.44,2.4
228,Player_228,18,204,68,Basketball,44,32,32,5,3,4,11,France,18.94,4.88,2.88
229,Player_229,27,175,75,Swimming,91,36,90,17,21,4,19,Brazil,6.48,4.62,9.62
230,Player_230,31,200,90,Athletics,90,67,66,34,15,2,16,Italy,4.62,1.71,8.82
231,Player_231,39,176,61,Football,92,32,47,47,11,3,18,USA,6.52,1.46,8.54
232,Player_232,25,161,69,Athletics,18,96,19,10,26,1,11,Brazil,6.32,3.88,8.71
233,Player_233,33,163,80,Swimming,40,81,5,30,28,5,10,France,10.88,2.31,8.81
234,Player_234,24,171,90,Athletics,47,96,14,34,20,1,7,France,0.53,3.57,3.98
235,Player_235,33,183,72,Swimming,74,31,81,6,22,5,14,USA,16.35,2.85,9.9
236,Player_236,23,177,85,Athletics,34,9,60,28,5,3,13,Brazil,13.82,4.92,4.78
237,Player_237,21,169,94,Basketball,23,71,75,7,30,1,7,France,9.19,3.45,9.54
238,Player_238,35,161,109,Football,17,40,87,32,8,1,11,France,8.87,1.83,5.31
239,Player_239,26,199,97,Football,90,54,69,48,2,0,20,Germany,7.12,0.22,3.97
240,Player_240,31,204,81,Athletics,26,35,29,1,24,5,9,Spain,17.71,3.15,9.89
241,Player_241,35,193,64,Basketball,95,29,85,12,18,0,10,Germany,17.38,4.83,1.98
242,Player_242,22,206,91,Tennis,58,19,14,45,23,5,8,USA,14.51,2.89,7.25
243,Player_243,19,174,60,Athletics,93,81,52,30,25,0,20,Italy,1.81,4.0,2.16
244,Player_244,24,192,91,Athletics,44,61,62,48,7,1,9,Brazil,9.41,0.43,5.12
245,Player_245,26,176,67,Basketball,32,27,52,17,7,2,18,USA,11.72,4.14,6.25
246,Player_246,37,172,83,Swimming,46,36,14,44,7,2,19,USA,11.2,1.37,8.7
247,Player_247,36,164,64,Athletics,88,54,27,49,26,1,20,USA,18.99,0.62,9.2
248,Player_248,39,206,109,Swimming,23,19,50,27,17,0,5,France,18.69,2.74,1.77
249,Player_249,19,186,94,Athletics,27,19,27,3,15,3,20,Spain,7.59,3.68,7.09
250,Player_250,36,184,90,Basketball,98,36,76,34,17,0,13,Spain,15.1,3.04,2.95
251,Player_251,33,178,77,Basketball,17,37,43,19,5,1,13,Italy,7.07,2.65,6.89
252,Player_252,35,186,98,Football,66,41,79,33,16,5,9,Germany,17.26,1.55,6.69
253,Player_253,24,186,92,Athletics,48,97,56,0,29,1,7,Germany,1.15,0.75,9.08
254,Player_254,21,210,93,Athletics,40,65,38,25,12,2,6,Brazil,19.75,4.59,5.56
255,Player_255,33,171,74,Tennis,81,30,14,23,10,5,16,USA,10.59,1.62,1.02
256,Player_256,34,197,110,Athletics,45,80,30,18,24,1,5,Spain,7.96,1.0,5.11
257,Player_257,22,209,81,Tennis,61,58,84,18,13,1,5,Spain,18.7,1.69,2.94
258,Player_258,20,201,68,Football,94,71,59,39,7,2,16,Brazil,1.55,0.68,8.85
259,Player_259,24,174,81,Swimming,84,59,22,0,10,4,5,USA,19.18,3.24,8.19
260,Player_260,27,184,85,Tennis,18,24,14,40,24,3,5,Brazil,1.69,2.78,6.16
261,Player_261,39,180,62,Football,62,75,85,35,18,3,9,Italy,12.26,3.68,8.41
262,Player_262,36,181,101,Basketball,27,12,28,10,29,5,10,USA,8.45,0.4,2.43
263,Player_263,21,192,91,Swimming,78,8,34,23,28,1,11,Brazil,8.0,0.49,2.45
264,Player_264,26,209,72,Athletics,16,47,31,34,20,5,16,Germany,15.88,2.59,3.2
265,Player_265,21,208,91,Football,79,46,52,4,13,0,18,Germany,4.76,1.09,6.57
266,Player_266,37,204,83,Football,27,29,84,36,11,3,8,Italy,17.88,2.96,5.49
267,Player_267,20,210,70,Swimming,21,96,37,17,24,2,11,Brazil,3.22,3.03,2.25
268,Player_268,33,162,95,Tennis,99,49,15,44,17,4,6,Spain,7.91,3.91,1.57
269,Player_269,27,167,102,Swimming,30,17,50,25,9,1,9,Italy,4.69,0.37,4.51
270,Player_270,35,187,109,Swimming,37,44,14,8,21,5,19,Germany,7.8,1.19,5.64
271,Player_271,22,188,110,Basketball,40,13,64,31,3,1,13,Spain,15.01,3.0,5.84
272,Player_272,23,206,73,Swimming,55,3,19,48,14,3,11,Brazil,14.85,1.75,2.06
273,Player_273,22,190,82,Swimming,65,88,99,34,21,0,9,France,11.65,1.84,1.4
274,Player_274,20,181,101,Athletics,90,35,75,39,21,4,17,USA,17.7,2.62,5.84
275,Player_275,32,166,60,Tennis,40,91,87,9,25,2,6,Germany,5.28,4.28,9.67
276,Player_276,31,194,91,Swimming,25,39,21,42,23,0,10,France,11.79,4.16,6.24
277,Player_277,37,182,105,Swimming,85,54,39,13,29,3,13,Brazil,19.21,4.63,1.68
278,Player_278,34,167,61,Athletics,58,40,84,6,12,1,15,Brazil,13.08,3.63,4.03
279,Player_279,39,208,61,Basketball,32,58,59,13,4,3,15,Germany,11.54,3.44,4.51
280,Player_280,38,165,106,Swimming,64,70,12,41,17,4,17,USA,7.24,1.07,7.73
281,Player_281,20,180,93,Tennis,11,7,35,2,30,4,16,France,9.84,1.46,7.32
282,Player_282,28,204,105,Swimming,50,56,90,46,17,4,6,USA,16.3,0.66,8.36
283,Player_283,26,163,107,Athletics,19,37,69,3,13,3,16,Brazil,2.64,3.06,4.27
284,Player_284,26,172,86,Tennis,53,60,89,32,22,1,13,Spain,13.68,2.33,7.82
285,Player_285,32,192,91,Football,42,99,57,40,23,1,15,Brazil,7.39,1.58,8.33
286,Player_286,40,161,68,Tennis,15,20,68,15,28,3,6,Italy,11.34,3.74,2.98
287,Player_287,19,178,66,Football,10,50,25,35,29,4,8,Brazil,3.92,4.78,1.34
288,Player_288,28,170,66,Tennis,37,51,94,49,29,0,19,France,15.05,4.2,3.73
289,Player_289,35,201,105,Basketball,14,61,76,24,15,2,9,Brazil,0.74,0.83,8.59
290,Player_290,28,160,90,Basketball,28,36,69,1,30,4,13,USA,7.66,1.03,7.48
291,Player_291,39,179,101,Athletics,47,92,12,33,19,4,17,France,11.24,0.39,4.0
292,Player_292,21,206,69,Athletics,97,8,47,43,29,2,18,Germany,7.96,4.85,2.81
293,Player_293,32,171,89,Athletics,47,40,60,34,15,3,15,Brazil,14.87,0.8,7.33
294,Player_294,23,167,74,Football,87,100,59,15,17,1,12,Italy,9.72,2.29,1.7
295,Player_295,21,192,98,Athletics,40,52,81,9,2,4,12,Italy,0.79,1.97,3.18
296,Player_296,24,175,87,Basketball,13,72,2,49,21,1,18,Germany,18.38,3.13,4.44
297,Player_297,26,179,98,Basketball,69,36,34,8,23,1,7,Brazil,2.96,4.05,1.15
298,Player_298,33,183,102,Swimming,29,70,96,30,15,2,18,Brazil,4.43,4.59,6.59
299,Player_299,40,167,104,Tennis,49,71,62,2,24,2,7,Brazil,4.84,1.2,3.72
300,Player_300,34,160,60,Football,30,70,14,15,15,5,10,USA,12.48,2.99,7.3
301,Player_301,31,162,63,Football,48,79,65,48,5,1,17,Brazil,5.17,3.98,6.7
302,Player_302,30,181,76,Athletics,33,5,80,12,17,3,5,Brazil,7.11,3.9,2.67
303,Player_303,28,202,91,Athletics,70,53,16,49,26,5,5,USA,11.3,2.3,2.24
304,Player_304,38,164,74,Football,15,5,96,13,19,5,19,Germany,12.43,2.17,7.93
305,Player_305,26,178,66,Tennis,70,50,64,47,27,5,6,Germany,2.71,1.53,2.4
306,Player_306,38,174,81,Swimming,84,55,86,10,2,5,7,France,10.86,0.89,1.6
307,Player_307,23,209,87,Tennis,91,69,12,8,22,1,12,Italy,1.59,3.75,2.02
308,Player_308,39,170,82,Athletics,86,21,50,22,6,1,15,Brazil,15.07,0.83,1.22
309,Player_309,19,160,84,Football,37,19,94,22,23,3,6,France,4.74,2.95,4.99
310,Player_310,20,202,77,Tennis,87,20,98,0,30,4,15,Italy,13.98,1.82,8.53
311,Player_311,33,187,66,Football,81,100,71,20,4,4,9,Italy,15.09,3.44,8.78
312,Player_312,39,191,64,Tennis,79,30,78,23,19,0,8,France,19.64,3.05,9.43
313,Player_313,22,194,71,Swimming,93,83,66,28,18,0,16,USA,9.19,3.4,8.75
314,Player_314,39,196,93,Basketball,67,57,43,6,9,1,11,Brazil,4.98,0.34,2.61
315,Player_315,28,178,101,Swimming,37,34,44,6,7,0,5,Italy,19.46,1.12,2.52
316,Player_316,21,197,75,Basketball,41,47,90,30,10,3,13,Germany,15.66,1.39,1.31
317,Player_317,32,177,66,Basketball,84,59,10,0,30,4,20,Italy,10.73,1.89,9.95
318,Player_318,38,210,99,Football,94,36,12,9,24,1,6,Spain,7.96,1.49,2.07
319,Player_319,31,167,63,Swimming,85,33,5,38,11,5,17,Italy,6.24,4.57,5.57
320,Player_320,38,178,79,Football,100,84,30,32,2,0,9,Italy,10.33,3.3,8.48
321,Player_321,39,205,77,Athletics,11,5,31,41,11,3,14,Spain,1.74,4.54,7.32
322,Player_322,35,178,62,Swimming,50,3,50,29,4,0,16,France,16.22,1.08,2.64
323,Player_323,35,196,60,Tennis,62,87,24,39,20,5,10,Brazil,2.98,4.61,7.79
324,Player_324,26,177,100,Football,55,44,83,8,6,1,19,USA,14.75,2.24,2.64
325,Player_325,28,166,102,Swimming,57,26,62,37,25,4,7,Germany,14.34,3.47,2.78
326,Player_326,31,190,70,Swimming,57,94,92,20,1,0,8,Brazil,7.46,0.94,8.86
327,Player_327,40,179,105,Tennis,85,24,49,38,9,5,13,Spain,18.97,3.68,5.84
328,Player_328,27,210,104,Athletics,99,1,70,14,29,2,11,Italy,14.44,3.83,8.85
329,Player_329,34,193,87,Athletics,69,97,10,14,6,5,16,Italy,7.6,3.89,3.32
330,Player_330,31,193,93,Football,41,22,57,8,1,4,9,France,7.09,1.19,8.55
331,Player_331,33,202,86,Tennis,91,73,52,0,19,3,9,Germany,16.49,0.33,8.67
332,Player_332,34,195,63,Swimming,68,0,77,20,11,5,16,Brazil,6.97,4.11,4.79
333,Player_333,36,183,100,Swimming,62,67,9,1,26,1,18,Germany,13.58,1.53,8.2
334,Player_334,23,193,85,Basketball,70,56,93,0,10,4,5,Brazil,9.14,4.45,8.44
335,Player_335,34,170,73,Tennis,72,68,58,11,26,4,11,Spain,1.59,0.65,1.46
336,Player_336,28,177,97,Athletics,61,15,98,42,22,2,15,Germany,7.72,4.63,6.68
337,Player_337,20,199,103,Tennis,30,94,83,18,13,4,19,Germany,19.83,4.61,4.09
338,Player_338,20,167,66,Swimming,14,88,75,25,3,0,9,USA,0.96,2.21,8.76
339,Player_339,25,192,64,Swimming,45,94,40,16,29,4,20,France,19.34,3.72,5.12
340,Player_340,27,196,64,Football,69,94,32,15,1,4,5,Italy,15.34,3.22,8.61
341,Player_341,38,173,69,Athletics,95,61,7,13,5,5,11,Brazil,14.81,0.51,4.13
342,Player_342,27,168,92,Swimming,33,62,52,31,1,0,15,France,10.81,0.73,7.73
343,Player_343,39,194,110,Swimming,90,67,67,20,5,1,20,Germany,9.47,3.47,4.64
344,Player_344,20,191,62,Tennis,18,41,9,34,5,5,10,Italy,1.47,0.61,8.07
345,Player_345,21,162,80,Basketball,45,5,88,43,11,5,19,France,6.87,0.47,3.0
346,Player_346,26,165,64,Football,86,85,40,50,14,4,7,France,2.92,3.4,8.15
347,Player_347,32,174,94,Football,49,51,89,44,1,5,17,USA,2.17,4.57,2.1
348,Player_348,24,165,100,Football,77,54,7,9,19,1,17,Spain,6.42,3.13,9.56
349,Player_349,30,207,89,Tennis,79,81,92,50,14,2,20,Brazil,0.85,3.27,9.91
350,Player_350,18,176,79,Athletics,86,100,31,28,27,2,15,USA,13.45,3.17,8.15
351,Player_351,38,188,73,Football,89,32,17,50,25,1,12,Spain,14.24,0.46,3.81
352,Player_352,39,191,63,Basketball,38,97,33,36,10,3,15,Brazil,8.6,2.04,8.88
353,Player_353,20,208,96,Tennis,77,61,65,42,22,3,17,France,15.64,1.3,5.38
354,Player_354,22,205,75,Athletics,25,38,96,33,29,4,13,Brazil,18.57,1.08,5.0
355,Player_355,30,171,80,Basketball,33,33,88,48,24,1,18,France,15.36,2.85,4.58
356,Player_356,36,185,81,Swimming,87,61,87,34,17,0,20,Spain,13.25,3.02,3.54
357,Player_357,34,179,70,Athletics,23,94,14,18,11,4,10,Brazil,18.21,4.76,8.1
358,Player_358,29,190,92,Swimming,92,53,13,31,5,2,7,Italy,11.07,2.52,9.47
359,Player_359,22,173,71,Swimming,14,57,24,0,10,2,19,Germany,11.48,0.67,6.2
360,Player_360,33,164,97,Basketball,62,91,71,15,25,4,6,Italy,11.28,1.63,1.33
361,Player_361,40,165,74,Tennis,89,65,21,41,4,0,15,USA,17.03,0.78,5.89
362,Player_362,29,182,92,Football,40,93,92,2,3,5,15,Germany,18.43,1.83,7.05
363,Player_363,31,162,78,Basketball,37,46,0,1,5,1,13,Italy,9.44,1.0,7.22
364,Player_364,24,205,76,Athletics,42,0,84,32,24,5,9,Germany,13.09,0.21,5.3
365,Player_365,33,170,88,Swimming,55,39,54,25,22,1,20,Brazil,5.58,2.92,1.78
366,Player_366,26,196,110,Basketball,80,94,45,35,23,5,6,USA,4.48,0.43,3.91
367,Player_367,24,190,107,Tennis,35,23,56,24,22,4,9,Spain,18.53,2.28,1.64
368,Player_368,30,180,103,Athletics,99,81,94,11,11,3,10,Brazil,12.8,1.82,6.41
369,Player_369,38,167,72,Basketball,15,76,93,21,2,4,13,France,11.2,3.07,6.68
370,Player_370,22,206,75,Football,13,1,74,31,1,5,8,Germany,6.66,3.28,7.19
371,Player_371,32,182,99,Football,35,93,36,43,13,5,16,Italy,6.52,2.2,5.46
372,Player_372,30,175,92,Tennis,47,100,58,11,2,5,18,Germany,11.88,2.3,1.03
373,Player_373,28,190,64,Swimming,32,74,48,50,9,3,7,USA,14.4,3.79,2.04
374,Player_374,40,185,90,Tennis,53,1,0,37,21,3,18,Spain,5.45,4.63,2.65
375,Player_375,30,163,99,Swimming,25,45,46,17,27,0,20,France,3.26,4.52,7.57
376,Player_376,33,206,102,Basketball,76,3,68,2,16,1,8,USA,12.67,3.85,7.66
377,Player_377,20,193,76,Basketball,76,39,55,36,7,5,17,Brazil,12.48,4.13,3.82
378,Player_378,22,183,94,Basketball,31,58,65,14,21,5,9,Germany,10.95,2.06,5.11
379,Player_379,40,162,99,Tennis,86,85,2,3,20,1,5,Italy,17.33,0.42,8.54
380,Player_380,20,178,82,Tennis,17,27,69,3,8,5,12,Brazil,6.14,2.33,8.78
381,Player_381,36,163,70,Tennis,88,1,17,35,29,3,10,Italy,7.53,4.99,5.78
382,Player_382,24,177,64,Athletics,60,15,33,10,27,0,17,Brazil,10.33,1.98,7.74
383,Player_383,30,172,93,Tennis,84,42,63,0,13,2,18,Brazil,13.73,1.58,6.98
384,Player_384,38,171,72,Swimming,94,53,37,5,16,0,11,Germany,10.16,2.3,1.46
385,Player_385,26,203,92,Swimming,56,57,71,49,23,0,10,Brazil,2.15,2.99,8.97
386,Player_386,32,185,63,Basketball,35,36,83,25,27,4,13,Spain,4.15,2.23,2.23
387,Player_387,34,183,68,Tennis,76,83,80,40,11,1,7,Brazil,6.42,1.11,9.39
388,Player_388,30,194,100,Basketball,43,72,98,39,1,1,8,Italy,5.09,1.08,9.31
389,Player_389,36,180,75,Tennis,87,92,94,29,23,1,15,USA,17.16,4.1,9.13
390,Player_390,36,182,67,Swimming,67,53,45,10,30,1,13,Germany,7.38,1.9,5.96
391,Player_391,29,165,108,Basketball,50,68,45,19,8,4,15,Italy,0.68,0.19,9.29
392,Player_392,31,204,105,Tennis,74,0,3,12,28,2,5,Germany,18.58,4.52,9.56
393,Player_393,33,182,75,Athletics,78,42,61,33,25,5,8,Germany,11.85,3.52,1.86
394,Player_394,18,196,99,Basketball,47,63,99,19,8,4,16,USA,15.11,2.18,4.2
395,Player_395,39,190,96,Basketball,71,32,11,41,24,1,15,Brazil,11.73,4.09,5.31
396,Player_396,22,165,79,Tennis,100,62,95,47,0,1,19,Germany,19.72,1.54,8.62
397,Player_397,21,177,75,Athletics,22,88,63,31,11,0,13,France,10.07,3.35,9.33
398,Player_398,19,182,101,Athletics,57,88,68,17,24,1,14,France,18.98,3.17,7.63
399,Player_399,31,192,79,Basketball,62,58,65,18,8,1,13,France,6.59,2.23,1.52
400,Player_400,22,183,96,Basketball,19,84,88,46,17,5,20,Spain,16.02,2.01,3.6
401,Player_401,23,210,65,Basketball,89,87,32,9,29,5,13,USA,17.24,3.27,9.59
402,Player_402,18,160,67,Athletics,28,82,67,33,20,5,5,USA,7.69,4.28,7.77
403,Player_403,34,187,82,Football,52,88,77,15,21,1,16,Spain,15.81,1.81,9.04
404,Player_404,38,202,106,Tennis,62,85,82,13,22,2,12,France,6.64,1.35,4.01
405,Player_405,28,185,89,Tennis,74,63,39,46,2,4,20,Italy,12.16,0.52,6.47
406,Player_406,33,188,95,Football,58,24,38,46,0,4,12,Brazil,10.07,1.52,8.73
407,Player_407,34,177,87,Swimming,60,9,20,49,7,0,13,USA,8.26,1.6,5.36
408,Player_408,38,208,76,Athletics,65,63,58,0,5,2,6,France,12.93,0.71,1.82
409,Player_409,22,164,73,Tennis,66,93,84,10,24,2,18,Germany,18.02,0.92,2.26
410,Player_410,20,164,88,Swimming,79,71,8,3,15,1,20,Brazil,16.77,4.66,2.99
411,Player_411,38,191,70,Athletics,30,72,31,6,12,4,14,France,16.18,0.15,8.06
412,Player_412,31,202,76,Football,55,68,95,23,8,4,14,Spain,1.1,1.93,5.58
413,Player_413,31,201,77,Basketball,62,14,39,7,15,3,7,Brazil,14.69,3.78,6.77
414,Player_414,26,160,80,Tennis,50,80,37,5,17,5,11,Germany,13.28,1.33,1.91
415,Player_415,24,178,91,Basketball,15,87,28,48,21,1,9,France,3.43,1.63,9.2
416,Player_416,40,184,78,Tennis,42,83,3,27,22,4,19,Germany,8.52,1.15,9.98
417,Player_417,24,162,70,Athletics,16,43,28,29,29,5,20,Spain,2.32,4.01,9.54
418,Player_418,24,166,60,Football,78,25,49,26,3,4,6,Italy,13.1,0.2,7.29
419,Player_419,33,161,102,Swimming,78,10,88,35,17,2,18,USA,4.88,2.5,1.68
420,Player_420,29,189,97,Swimming,99,90,78,2,14,2,14,Italy,3.05,4.27,8.37
421,Player_421,20,166,67,Athletics,66,4,23,35,5,1,20,Spain,7.46,1.89,3.32
422,Player_422,35,191,107,Basketball,73,46,9,27,19,0,15,USA,12.74,0.86,1.52
423,Player_423,29,167,78,Tennis,56,9,67,19,21,3,13,Italy,19.67,3.18,3.07
424,Player_424,18,182,100,Football,33,34,9,20,2,2,19,USA,16.66,2.98,9.78
425,Player_425,26,166,70,Tennis,52,83,34,21,0,2,16,Italy,2.21,2.21,2.24
426,Player_426,23,175,76,Athletics,70,31,17,3,8,2,9,France,17.37,3.08,3.64
427,Player_427,21,186,97,Athletics,13,2,56,41,4,0,6,Italy,14.64,0.54,2.67
428,Player_428,34,200,90,Tennis,31,92,83,16,8,0,8,Germany,1.66,0.34,6.37
429,Player_429,25,188,69,Swimming,95,43,89,14,30,0,7,Italy,17.42,0.85,6.79
430,Player_430,27,161,89,Basketball,76,17,75,50,3,3,10,Spain,11.71,2.57,2.07
431,Player_431,34,166,100,Swimming,68,22,84,24,8,1,5,Italy,3.91,0.81,9.96
432,Player_432,40,169,61,Basketball,21,56,64,40,7,4,10,Germany,18.4,1.59,5.99
433,Player_433,28,160,62,Basketball,96,54,23,39,24,0,16,Brazil,3.96,1.22,1.46
434,Player_434,28,170,108,Football,97,32,75,37,24,3,9,USA,12.16,1.6,1.13
435,Player_435,25,181,66,Swimming,62,85,21,26,15,1,5,France,18.99,1.54,8.46
436,Player_436,33,167,62,Swimming,94,35,37,27,22,2,5,USA,6.67,3.83,8.62
437,Player_437,32,188,63,Swimming,95,64,42,2,14,5,7,Germany,13.56,2.06,8.68
438,Player_438,36,176,65,Tennis,47,80,85,47,3,4,7,Italy,11.62,2.16,4.74
439,Player_439,34,171,63,Basketball,64,52,49,5,1,4,11,France,8.47,1.64,2.62
440,Player_440,23,187,76,Athletics,83,56,76,4,9,4,19,France,17.2,3.36,3.97
441,Player_441,23,178,65,Tennis,40,77,29,26,3,5,9,Spain,7.35,1.53,1.87
442,Player_442,26,205,92,Football,82,32,22,30,21,4,16,USA,18.94,0.3,5.7
443,Player_443,33,171,84,Swimming,91,27,12,19,18,1,12,Brazil,2.75,0.71,3.07
444,Player_444,22,192,75,Athletics,62,73,57,31,29,5,9,Italy,12.47,3.99,1.45
445,Player_445,23,160,66,Athletics,67,14,72,48,23,2,16,Brazil,18.86,4.98,7.84
446,Player_446,21,186,74,Football,58,64,63,27,25,5,7,Germany,1.65,2.41,9.5
447,Player_447,27,167,79,Tennis,99,42,15,40,28,4,13,France,7.27,0.51,9.41
448,Player_448,25,182,63,Basketball,41,94,91,10,24,4,14,USA,12.16,1.02,6.33
449,Player_449,33,191,68,Swimming,18,90,11,25,11,2,7,Spain,5.23,1.18,8.28
450,Player_450,20,208,86,Basketball,81,35,69,11,8,0,19,France,18.56,2.39,1.79
451,Player_451,20,194,76,Tennis,59,72,5,21,15,5,10,Spain,1.24,2.49,6.53
452,Player_452,27,192,110,Basketball,11,31,47,3,14,1,14,USA,6.86,2.54,9.83
453,Player_453,38,167,89,Athletics,83,2,39,3,3,1,15,USA,12.65,4.06,6.61
454,Player_454,28,181,62,Swimming,87,32,22,0,1,2,12,France,5.64,3.19,8.89
455,Player_455,33,161,95,Football,40,89,37,27,13,4,8,France,9.55,4.45,9.48
456,Player_456,29,199,77,Tennis,44,24,13,27,14,2,12,Germany,7.58,2.71,4.29
457,Player_457,26,182,63,Athletics,86,48,91,2,14,3,9,Italy,4.42,3.07,5.48
458,Player_458,33,161,71,Tennis,14,87,46,47,15,2,19,Germany,11.52,1.16,1.09
459,Player_459,34,197,67,Tennis,46,35,46,6,1,5,7,USA,11.11,3.67,5.82
460,Player_460,38,208,74,Swimming,94,11,89,1,27,2,11,France,1.11,1.06,8.28
461,Player_461,27,174,72,Tennis,35,60,95,22,25,2,10,Brazil,14.58,2.31,7.17
462,Player_462,23,188,90,Athletics,52,20,77,35,11,2,6,France,14.66,1.5,2.49
463,Player_463,29,160,84,Swimming,35,62,54,26,19,3,15,France,5.34,0.93,8.07
464,Player_464,32,195,103,Athletics,79,99,77,5,10,3,9,Italy,14.69,4.01,9.63
465,Player_465,27,181,106,Football,42,81,87,47,24,2,20,France,13.48,0.39,6.7
466,Player_466,22,180,86,Swimming,50,84,92,14,12,2,9,Italy,9.79,1.93,4.63
467,Player_467,25,173,69,Tennis,36,7,43,27,3,4,16,Germany,13.02,1.55,1.27
468,Player_468,36,165,66,Swimming,98,0,3,41,26,5,16,Brazil,5.29,1.52,4.49
469,Player_469,18,203,86,Football,21,99,74,28,5,2,12,USA,5.76,2.64,8.11
470,Player_470,40,210,85,Swimming,78,6,87,4,13,5,15,Spain,11.73,4.99,9.37
471,Player_471,23,178,88,Athletics,57,19,41,4,19,1,17,Brazil,18.3,0.58,8.85
472,Player_472,29,192,70,Football,57,16,25,0,5,4,18,France,17.11,4.37,3.29
473,Player_473,32,204,81,Swimming,44,75,83,20,2,2,18,USA,8.88,4.87,8.46
474,Player_474,35,182,74,Football,94,90,20,48,26,1,17,France,19.31,3.37,3.58
475,Player_475,28,208,87,Basketball,70,55,62,6,4,5,13,Italy,19.37,2.22,6.1
476,Player_476,24,162,64,Swimming,46,0,19,15,12,5,5,Brazil,19.25,1.3,6.03
477,Player_477,30,186,61,Tennis,57,67,69,10,27,0,13,Spain,13.0,1.71,7.55
478,Player_478,30,189,80,Swimming,16,69,52,28,19,0,19,USA,17.58,1.45,7.85
479,Player_479,26,190,106,Basketball,89,37,68,48,8,3,6,Italy,10.56,3.85,4.72
480,Player_480,33,183,99,Athletics,78,8,27,36,26,0,7,Brazil,8.69,0.69,6.53
481,Player_481,36,190,108,Football,95,49,99,35,22,3,18,France,19.85,3.11,4.3
482,Player_482,22,176,98,Swimming,10,98,40,21,20,0,7,Brazil,9.4,4.78,3.83
483,Player_483,38,202,70,Football,12,9,73,18,12,2,5,Brazil,4.77,4.96,7.42
484,Player_484,39,162,75,Swimming,66,63,88,0,27,3,14,Italy,9.98,1.75,4.05
485,Player_485,20,189,98,Tennis,95,65,49,30,30,5,12,Italy,9.55,3.67,9.06
486,Player_486,29,191,103,Swimming,77,77,11,21,21,0,7,Spain,4.18,4.34,9.05
487,Player_487,28,194,87,Tennis,15,54,4,48,17,1,8,USA,7.01,1.17,5.8
488,Player_488,29,194,66,Basketball,94,54,15,45,28,4,6,France,3.07,0.41,3.16
489,Player_489,33,192,105,Basketball,47,12,50,38,17,5,12,Brazil,0.67,3.58,7.27
490,Player_490,34,179,86,Tennis,38,91,44,35,18,3,14,France,19.06,1.99,3.92
491,Player_491,19,192,98,Basketball,45,96,41,22,19,5,9,Brazil,9.16,1.48,6.51
492,Player_492,26,175,81,Swimming,53,77,63,22,15,0,9,Italy,2.45,2.07,8.22
493,Player_493,38,164,71,Tennis,29,85,25,15,15,0,20,USA,1.45,0.86,1.33
494,Player_494,32,207,74,Football,73,72,53,20,23,5,13,Italy,7.25,0.79,6.6
495,Player_495,19,164,68,Tennis,69,40,28,14,27,2,10,Italy,11.51,1.97,9.47
496,Player_496,36,164,96,Athletics,17,37,100,48,21,0,10,Italy,9.37,0.12,6.4
497,Player_497,29,195,109,Football,35,58,10,11,3,0,17,Spain,9.65,1.7,8.59
498,Player_498,39,161,69,Football,59,85,10,2,2,0,15,Germany,15.08,1.94,9.87
499,Player_499,18,176,64,Tennis,52,50,11,21,28,1,13,USA,11.4,1.75,6.22
500,Player_500,31,176,79,Tennis,33,22,74,27,25,4,6,Spain,13.42,4.48,1.7
